step,epoch,train_loss,val_loss,val_ppl,tokens_per_sec,grad_norm,lr
1,1,6.965692520141602,,,157.57793842166828,5.17588357559646,0.00029991968812145484
2,1,6.626861572265625,,,145.89369129814784,4.020673150442389,0.0002996788384857905
3,1,6.380992889404297,,,129.41500765106147,2.605629750236981,0.00029927770900082954
4,1,6.223753929138184,,,121.58519012600709,2.1422819288902724,0.0002987167292060716
5,1,6.106929302215576,,,117.29275959362947,2.0136759148871883,0.00029799649981273186
6,1,6.0351338386535645,,,118.51654500806995,2.019937259718527,0.0002971177920604846
7,1,5.920745372772217,,,121.05063731058924,2.0719649659622283,0.0002960815468916001
8,1,5.7861714363098145,,,123.12184673627084,2.0940092012658456,0.00029488887394336027
9,2,5.662261009216309,,,101.11425927673302,2.334459903376267,0.00029354105035983135
10,2,5.528270244598389,,,117.59930367539366,3.588450740459594,0.0002920395194242659
11,2,5.390897750854492,,,119.57022586834536,3.80238744409696,0.00029038588901359884
12,2,5.314619541168213,,,125.07985320260374,3.48295983611797,0.000288581929876693
13,2,5.207493305206299,,,127.69815914164872,2.9939272952718063,0.0002866295737381764
14,2,5.094325542449951,,,132.8958914744393,2.9757393359126842,0.00028453091122990323
15,2,4.977571487426758,,,133.8497201453283,2.95785543317015,0.0002822881896522532
16,2,4.863527297973633,,,136.75606153171714,3.1399246016176923,0.0002799038105676658
17,3,4.769253253936768,,,150.9429417980671,2.5968096698006806,0.00027738032722898683
18,3,4.653862476348877,,,150.31622981766134,2.8664457735189264,0.0002747204418453818
19,3,4.623097896575928,,,153.025946201012,2.7535512707891363,0.0002719270026887423
20,3,4.542251110076904,,,145.9395666278828,2.3393806511499413,0.00026900300104368524
21,3,4.411720275878906,,,147.82584951154732,3.612983449295413,0.0002659515680044105
22,3,4.355053424835205,,,146.23127956396803,3.291333816714423,0.00026277597112184654
23,3,4.255092144012451,,,146.13784351319043,2.0794012074783943,0.0002594796109046753
24,3,4.139011383056641,,,145.15505355294835,2.9407534533774156,0.000256066017177982
